{
  "square": {
    "rho=null": {
      "Cholesky_solve": {
        "a": 1.047079230250586e-05,
        "p_exponent": 0.8807099353809255
      },
      "LU_solve": {
        "a": 0.11484097969192619,
        "p_exponent": -1.028525332487875
      },
      "QR": {
        "a": 0.006484861302047908,
        "p_exponent": -0.1342575246630347
      },
      "SVD": {
        "a": 0.00018736884236185557,
        "p_exponent": 0.5991271156794122
      }
    }
  },
  "tall": {
    "rho=1.5": {
      "LS_QR": {
        "a": 1.2950367250041389e-05,
        "p_exponent": 1.1046785752205723
      },
      "Pinv_SVD": {
        "a": 1.4531051902191284e-05,
        "p_exponent": 1.2094200854754995
      },
      "QR": {
        "a": 5.5296987716336726e-05,
        "p_exponent": 0.7278871092259362
      },
      "RandSVD_k": {
        "a": 3.913030610109524e-05,
        "p_exponent": 0.8291117637788624
      },
      "SVD": {
        "a": 5.902994441255922e-06,
        "p_exponent": 1.3747709171475602
      }
    },
    "rho=2.0": {
      "LS_QR": {
        "a": 4.165360687974342e-06,
        "p_exponent": 1.344367061332553
      },
      "Pinv_SVD": {
        "a": 3.714821907926223e-06,
        "p_exponent": 1.4952013980601238
      },
      "QR": {
        "a": 1.5966930230715827e-05,
        "p_exponent": 0.9958730217604433
      },
      "RandSVD_k": {
        "a": 5.488488812306041e-05,
        "p_exponent": 0.7274781613103405
      },
      "SVD": {
        "a": 3.5671508741582992e-06,
        "p_exponent": 1.4838723890430814
      }
    }
  },
  "wide": {
    "rho=0.5": {
      "LS_QR": {
        "a": 1.7390128729238455e-07,
        "p_exponent": 2.0200843292595896
      },
      "Pinv_SVD": {
        "a": 2.1331863288608886e-05,
        "p_exponent": 0.9135675387671407
      },
      "QR": {
        "a": 1.4881358263854601e-05,
        "p_exponent": 0.8300469784325051
      },
      "RandSVD_k": {
        "a": 4.876045727522977e-05,
        "p_exponent": 0.6885418735478555
      },
      "SVD": {
        "a": 1.1192467449047391e-05,
        "p_exponent": 1.0337522488280069
      }
    }
  }
}